{
      "val_loss": 1.8180410861968994,
      "val_acc": 0.45319634675979614,
      "val_prec": 0.46505626411033596,
      "val_recall": 0.45505624896049995,
      "val_fscore": 0.4416107903310604
}{
      "val_loss": 1.7671606540679932,
      "val_acc": 0.46075913310050964,
      "val_prec": 0.4668521278408689,
      "val_recall": 0.46246623334038006,
      "val_fscore": 0.4491228212531427
}{
      "val_loss": 1.7266845703125,
      "val_acc": 0.46249520778656006,
      "val_prec": 0.46616824778422045,
      "val_recall": 0.4642106682188858,
      "val_fscore": 0.4502858797209865
}{
      "val_loss": 1.6935021877288818,
      "val_acc": 0.4653729200363159,
      "val_prec": 0.4680684002267132,
      "val_recall": 0.4670707958362019,
      "val_fscore": 0.4526544659294254
}{
      "val_loss": 1.665616512298584,
      "val_acc": 0.4666095972061157,
      "val_prec": 0.4691359024899691,
      "val_recall": 0.4683487630664175,
      "val_fscore": 0.4535113196269637
}{
      "val_loss": 1.641696572303772,
      "val_acc": 0.46869057416915894,
      "val_prec": 0.4719534228934385,
      "val_recall": 0.47045306083095206,
      "val_fscore": 0.4554096293665466
}{
      "val_loss": 1.6208258867263794,
      "val_acc": 0.46982020139694214,
      "val_prec": 0.4737192267955078,
      "val_recall": 0.4717017779753661,
      "val_fscore": 0.45629047002214235
}{
      "val_loss": 1.6023540496826172,
      "val_acc": 0.47075963020324707,
      "val_prec": 0.4751444510741956,
      "val_recall": 0.47273920510902745,
      "val_fscore": 0.4569640523092912
}{
      "val_loss": 1.5858070850372314,
      "val_acc": 0.47156819701194763,
      "val_prec": 0.47603087599885635,
      "val_recall": 0.4734719912660005,
      "val_fscore": 0.4574600873283691
}{
      "val_loss": 1.57083261013031,
      "val_acc": 0.4733518958091736,
      "val_prec": 0.47801825222317823,
      "val_recall": 0.47532068357186935,
      "val_fscore": 0.4591562494203469
}[{"val_loss": 1.8180410861968994, "val_acc": 0.45319634675979614, "val_prec": 0.46505626411033596, "val_recall": 0.45505624896049995, "val_fscore": 0.4416107903310604}, {"val_loss": 1.7671606540679932, "val_acc": 0.46075913310050964, "val_prec": 0.4668521278408689, "val_recall": 0.46246623334038006, "val_fscore": 0.4491228212531427}, {"val_loss": 1.7266845703125, "val_acc": 0.46249520778656006, "val_prec": 0.46616824778422045, "val_recall": 0.4642106682188858, "val_fscore": 0.4502858797209865}, {"val_loss": 1.6935021877288818, "val_acc": 0.4653729200363159, "val_prec": 0.4680684002267132, "val_recall": 0.4670707958362019, "val_fscore": 0.4526544659294254}, {"val_loss": 1.665616512298584, "val_acc": 0.4666095972061157, "val_prec": 0.4691359024899691, "val_recall": 0.4683487630664175, "val_fscore": 0.4535113196269637}, {"val_loss": 1.641696572303772, "val_acc": 0.46869057416915894, "val_prec": 0.4719534228934385, "val_recall": 0.47045306083095206, "val_fscore": 0.4554096293665466}, {"val_loss": 1.6208258867263794, "val_acc": 0.46982020139694214, "val_prec": 0.4737192267955078, "val_recall": 0.4717017779753661, "val_fscore": 0.45629047002214235}, {"val_loss": 1.6023540496826172, "val_acc": 0.47075963020324707, "val_prec": 0.4751444510741956, "val_recall": 0.47273920510902745, "val_fscore": 0.4569640523092912}, {"val_loss": 1.5858070850372314, "val_acc": 0.47156819701194763, "val_prec": 0.47603087599885635, "val_recall": 0.4734719912660005, "val_fscore": 0.4574600873283691}, {"val_loss": 1.57083261013031, "val_acc": 0.4733518958091736, "val_prec": 0.47801825222317823, "val_recall": 0.47532068357186935, "val_fscore": 0.4591562494203469}]